nh_count,zip
10,94541
8,95030
8,91342
8,95608
8,91103
7,90650
7,92020
6,95062
6,92025
6,94903
6,93105
6,92804
6,92835
6,90057
6,92373
6,92404
6,90029
5,91950
5,91335
5,92503
5,94546
5,90247
5,91790
5,91204
5,95128
5,92021
5,91767
5,93727
5,94501
5,90503
5,95204
5,94952
5,93257
5,91770
4,90404
4,94533
4,92220
4,90807
4,95240
4,91776
4,90732
4,91942
4,90033
4,94578
4,93277
4,91010
4,94109
4,95661
4,94087
4,95926
4,91344
4,92543
4,91706
4,92262
4,92105
4,94110
4,92103
4,94558
4,90018
4,92501
4,95966
4,95380
4,92509
4,90019
4,90804
4,95350
4,90806
4,94536
3,95825
3,93706
3,95945
3,96002
3,94117
3,94115
3,92705
3,95070
3,93940
3,95127
3,91768
3,92123
3,95969
3,93726
3,91107
3,95076
3,91775
3,94606
3,94549
3,94601
3,92064
3,90723
3,90041
3,90023
3,92653
3,92663
3,90006
3,91803
3,94040
3,91352
3,91606
3,92008
3,94595
3,92504
3,95125
3,92407
3,90706
3,95991
3,94553
3,94609
3,95008
3,93230
3,91801
3,90805
3,93301
3,95207
3,95616
3,90505
3,90502
3,90660
3,93401
3,95355
3,95014
3,95010
3,94544
3,91941
3,94577
3,91764
3,95340
3,92683
3,92223
3,93901
3,93003
3,91780
3,91711
3,91977
3,95695
3,95209
3,93274
3,95603
3,94015
3,91733
3,91732
3,94538
3,92354
3,90813
3,94806
3,94705
3,95667
3,91786
3,93215
3,95822
3,95336
2,95476
2,92505
2,95823
2,90640
2,92801
2,90814
2,90066
2,92260
2,92128
2,90061
2,95472
2,95116
2,91723
2,91311
2,95242
2,92201
2,91405
2,95928
2,94550
2,95816
2,94112
2,93422
2,94118
2,91040
2,90815
2,94565
2,94403
2,93702
2,92706
2,92102
2,95819
2,92840
2,91411
2,92879
2,90262
2,91320
2,91731
2,92545
2,95453
2,92869
2,93710
2,90602
2,92284
2,93662
2,95037
2,94904
2,95448
2,95117
2,91604
2,93023
2,90638
2,94044
2,93436
2,93654
2,94025
2,95210
2,91910
2,91911
2,91205
2,92780
2,95112
2,93304
2,94619
2,94610
2,91773
2,95370
2,92411
2,92399
2,93950
2,95501
2,91607
2,93534
2,90035
2,92071
2,94509
2,93420
2,95831
2,94116
2,94704
2,92024
2,92028
2,92506
2,90232
2,92270
2,90230
2,90027
2,92324
2,92630
2,90701
2,91506
2,95482
2,95405
2,94611
2,96080
2,92802
2,92805
2,95948
2,95503
2,92311
2,93631
2,90048
2,92648
2,90042
2,91006
2,93725
2,91740
2,90301
2,90016
2,90017
2,90620
2,90011
2,93454
2,92083
2,95841
2,93635
2,92122
2,93030
2,96007
2,96001
2,91345
2,91763
2,92037
2,92127
2,93033
2,95124
2,94030
2,90036
2,94010
2,90606
2,92084
2,93610
2,94804
2,93010
2,95409
2,91201
2,94301
2,90250
2,93721
2,93111
2,94901
2,92627
1,92886
1,91750
1,95050
1,90704
1,95356
1,90270
1,92130
1,95129
1,92656
1,93108
1,91020
1,92626
1,92675
1,92582
1,91754
1,92677
1,90605
1,93602
1,92376
1,92029
1,90008
1,93514
1,91303
1,91304
1,90201
1,94591
1,94024
1,95407
1,92139
1,94590
1,94022
1,90222
1,96130
1,94515
1,91101
1,94702
1,92026
1,93720
1,94506
1,95953
1,92882
1,94598
1,94599
1,91307
1,92571
1,93063
1,94028
1,91361
1,95648
1,94954
1,93611
1,95838
1,92395
1,95023
1,92227
1,92243
1,95020
1,95054
1,90059
1,93309
1,94519
1,95824
1,91741
1,92832
1,92374
1,91762
1,93612
1,91745
1,94107
1,91306
1,94518
1,93555
1,94587
1,94526
1,95628
1,95376
1,93442
1,95624
1,90680
1,93618
1,92392
1,93465
1,95202
1,93657
1,91356
1,95691
1,91030
1,92336
1,93625
1,92562
1,90293
1,93458
1,94621
1,90026
1,93536
1,95404
1,91601
1,94589
1,93203
1,95431
1,90015
1,91343
1,92251
1,92009
1,94556
1,95971
1,95610
1,94559
1,95987
1,95203
1,94612
1,90302
1,95437
1,96104
1,94122
1,90025
1,92211
1,90621
1,90260
1,94066
1,91325
1,95632
1,93110
1,95630
1,91701
1,92069
1,94941
1,95531
1,94530
1,90039
1,93292
1,90810
1,92708
1,95361
1,95366
1,92841
1,96003
1,90740
1,92518
1,92843
1,93247
1,93015
1,96160
1,94062
1,94947
1,93960
1,95540
1,91605
1,95367
1,92056
1,95307
1,93545
1,95814
1,91761
1,95121
1,94563
1,91042
1,96028
1,91202
1,90603
1,92264
1,93306
1,94566
1,91360
1,95338
1,94114
1,90255
1,91208
1,91364
1,90631
1,95425
1,93291
1,92707
1,96020
1,95817
1,90031
1,91321
1,90037
1,92704
1,90034
1,91206
1,92831
1,90280
1,91214
1,93703
1,92315
1,95334
1,93240
1,92359
1,92866
1,90046
1,96067
1,96094
1,92225
1,90731
1,96122
1,95901
1,92308
1,96101
1,91402
1,90043
1,90403
1,94002
1,95249
1,93906
1,92647
1,93463
1,92868
1,92343
1,92313
1,90802
1,90803
1,90241
1,91362
1,93312
1,91436
1,95932
1,92346
1,94523
1,94521
1,94520
1,91007
1,96093
1,91406
1,92118
1,95035
1,90065
1,93638
1,95687
1,91423
1,95688
1,93930
1,93210
1,95032
1,94304
1,93258
1,94545
1,94602
1,91016
1,95422
1,93644
1,91945
1,95642
1,92352
1,95670
1,90240
1,90248
1,92110
1,90004
1,93065
1,90249
1,93060
1,93263
1,94303
1,92821
1,95988
1,92040
1,91722
1,93305
1,92586
